id,mean,min,max,sum,count
1,0.003000000026077032,0.0,0.03799999877810478,0.3262999951839447,107.0
2,0.0,0.0,0.000699999975040555,0.000699999975040555,119.0
3,,,,,
4,0.0,0.0,0.006599999964237213,0.0829,4443.0
6,9.999999747378752e-05,0.0,0.015300000086426735,0.10729999840259552,2058.0
7,0.0,0.0,0.0005000000237487257,0.0010000000474974513,1108.0
8,0.0001,0.0,0.225600004196167,33.6499,275517.0
9,0.0,0.0,0.0,0.0,229.0
10,,,,,
11,,,,,
12,0.0,0.0,0.0008999999845400453,0.0012000000569969416,84.0
14,,,,,
15,0.0,0.0,0.001500000013038516,0.003700000001117587,230.0
16,,,,,
17,0.0,0.0,0.0,0.0,2096.0
18,,,,,
19,0.000699999975040555,0.0,0.01269999984651804,0.07240000367164612,108.0
20,0.00039999998989515007,0.0,0.028999999165534973,0.6104000210762024,1596.0
21,0.0021,0.0,0.05040000006556511,2.3218,1088.0
22,0.0,0.0,0.021199999377131462,0.0474,2454.0
23,0.0,0.0,9.999999747378752e-05,9.999999747378752e-05,504.0
25,,,,,
26,0.0,0.0,0.0,0.0,1193.0
27,0.0,0.0,0.0005000000237487257,0.0019000000320374966,67.0
28,0.0010999999940395355,0.0,0.0737999975681305,1.1411000490188599,1069.0
29,,,,,
30,0.0,0.0,0.00019999999494757503,0.0003000000142492354,30.0
31,0.0001,0.0,0.030500000342726707,0.3115,5501.0
33,0.0,0.0,0.0,0.0,1063.0
34,,,,,
35,0.0,0.0,0.0,0.0,32.0
36,0.001500000013038516,0.0,0.04190000146627426,0.3021000027656555,199.0
37,,,,,
38,,,,,
39,0.0,0.0,0.030500000342726707,0.1458,3114.0
41,0.0,0.0,0.0,0.0,297.0
42,0.0,0.0,0.0,0.0,328.0
43,,,,,
44,0.0,0.0,0.0027000000700354576,0.0065,849.0
45,,,,,
46,0.0001,0.0,0.003599999938160181,0.0133,260.0
47,,,,,
48,0.0001,0.0,0.020600000396370888,0.1657,2387.0
49,,,,,
50,0.0,0.0,0.000699999975040555,0.0010000000474974513,174.0
51,0.0,0.0,0.0,0.0,1606.0
52,0.0006000000284984708,0.0,0.06419999897480011,0.8084999918937683,1321.0
53,,,,,
54,0.0,0.0,0.0,0.0,51.0
55,,,,,
56,0.0,0.0,0.001500000013038516,0.002199999988079071,4446.0
57,,,,,
58,0.0010999999940395355,0.0,0.023600000888109207,0.05739999935030937,51.0
59,0.0,0.0,0.0,0.0,186.0
60,,,,,
61,,,,,
62,0.0,0.0,0.00039999998989515007,0.00139999995008111,92.0
63,,,,,
64,0.0,0.0,0.0005000000237487257,0.0020000000949949026,164.0
65,,,,,
66,0.0,0.0,0.0,0.0,17.0
67,0.0,0.0,0.00039999998989515007,0.0013000000035390258,80.0
68,9.999999747378752e-05,0.0,0.015200000256299973,0.03020000085234642,237.0
69,,,,,
70,,,,,
71,,,,,
72,0.0,0.0,0.0,0.0,91.0
73,0.0005,0.0,0.03200000151991844,1.8187,3475.0
74,0.0,0.0,0.0019000000320374966,0.0026000000070780516,205.0
75,9.999999747378752e-05,0.0,0.0006000000284984708,0.0006000000284984708,12.0
76,,,,,
77,,,,,
78,0.00039999998989515007,0.0,0.045499999076128006,0.42669999599456787,1090.0
79,,,,,
80,,,,,
81,0.0006,0.0,0.03200000151991844,0.9634,1551.0
82,,,,,
83,9.999999747378752e-05,0.0,0.009100000374019146,0.06629999727010727,486.0
84,0.0,0.0,0.00019999999494757503,0.0003000000142492354,463.0
85,,,,,
86,,,,,
87,,,,,
88,,,,,
89,,,,,
90,,,,,
91,0.0,0.0,0.0007999999797903001,0.0024999999441206455,851.0
92,,,,,
93,0.0005000000237487257,0.0,0.00860000029206276,0.03150000050663948,63.0
94,,,,,
95,0.0001,0.0,0.05090000107884407,0.957,7892.0
96,0.00039999998989515007,0.0,0.04729999974370003,0.24009999632835388,610.0
97,0.0003000000142492354,0.0,0.00839999970048666,0.1738000065088272,520.0
98,0.0003000000142492354,0.0,0.0031999999191612005,0.04280000180006027,130.0
99,,,,,
100,0.0005,0.0,0.02590000070631504,0.1575,338.0
101,0.0005000000237487257,0.0,0.039000000804662704,0.5182999968528748,1031.0
102,0.0,0.0,0.0007999999797903001,0.00139999995008111,111.0
103,,,,,
104,0.0,0.0,0.023600000888109207,0.1803,3726.0
105,0.0,0.0,0.0003000000142492354,0.000699999975040555,198.0
106,0.0,0.0,0.0,0.0,10.0
107,,,,,
108,0.0006000000284984708,0.0,0.03200000151991844,0.9205999970436096,1421.0
109,,,,,
110,,,,,
111,0.0003,0.0,0.05090000107884407,0.7223,2429.0
112,,,,,
113,0.0,0.0,0.0,0.0,645.0
114,0.0,0.0,0.0,0.0,340.0
115,0.0,0.0,0.0,0.0,6.0
116,,,,,
117,0.0017999999690800905,0.0,0.015799999237060547,0.5685999989509583,314.0
118,0.00019999999494757503,0.0,0.002099999925121665,0.023399999365210533,151.0
119,0.0,0.0,0.011500000022351742,0.0544,1737.0
120,0.0017000000225380063,0.0,0.05090000107884407,0.7175999879837036,429.0
121,0.0,0.0,0.001500000013038516,0.001500000013038516,39.0
122,9.999999747378752e-05,0.0,0.0044999998062849045,0.024000000208616257,372.0
123,0.0,0.0,0.0,0.0,179.0
124,,,,,
125,0.002400000113993883,0.0,0.05460000038146973,1.669700026512146,690.0
126,0.000699999975040555,0.0,0.008799999952316284,0.0860000029206276,117.0
127,0.0,0.0,0.00419999985024333,0.0079,419.0
128,,,,,
129,0.00019999999494757503,0.0,0.003700000001117587,0.2623000144958496,1053.0
130,,,,,
131,0.0,0.0,0.0019000000320374966,0.013700000010430813,843.0
132,0.0,0.0,0.0,0.0,20.0
133,0.0,0.0,0.00039999998989515007,0.0010999999940395355,112.0
134,,,,,
135,0.0001,0.0,0.0008999999845400453,0.0034,43.0
136,0.0,0.0,0.002300000051036477,0.04529999941587448,2766.0
137,,,,,
138,0.0,0.0,0.00930000003427267,0.0443,3117.0
139,0.00039999998989515007,0.0,0.051500000059604645,0.6256999969482422,1431.0
140,0.0,0.0,0.005200000014156103,0.019099999219179153,408.0
141,0.0001,0.0,0.008799999952316284,0.104,1630.0
142,,,,,
143,9.999999747378752e-05,0.0,0.0005000000237487257,0.0008999999845400453,16.0
144,,,,,
145,0.0012,0.0,0.031599998474121094,0.5739,463.0
146,0.0,0.0,0.00019999999494757503,0.0005000000237487257,2334.0
147,0.0,0.0,0.0,0.0,13.0
148,0.0,0.0,0.0,0.0,137.0
149,0.0,0.0,0.0007999999797903001,0.003100000089034438,444.0
150,,,,,
151,0.0,0.0,0.0007999999797903001,0.0023,650.0
152,,,,,
153,0.0012000000569969416,0.0,0.031599998474121094,0.5738999843597412,463.0
154,0.0,0.0,0.0020000000949949026,0.0104,272.0
155,0.0,0.0,0.0038999998942017555,0.01119999960064888,1006.0
156,0.0,0.0,0.0,0.0,182.0
157,0.0004,0.0,0.006399999838322401,0.1834,498.0
158,0.0,0.0,0.0003000000142492354,0.0006000000284984708,47.0
159,,,,,
160,,,,,
161,,,,,
162,0.0,0.0,0.0,0.0,204.0
163,0.0,0.0,0.0003000000142492354,0.0003000000142492354,797.0
164,,,,,
165,0.0002,0.0,0.02590000070631504,0.1635,712.0
166,,,,,
167,,,,,
168,,,,,
169,0.0,0.0,0.0020000000949949026,0.010400000028312206,237.0
170,0.0,0.0,0.004699999932199717,0.0087,713.0
171,0.0003000000142492354,0.0,0.022299999371170998,0.17829999327659607,548.0
173,0.0,0.0,0.0006000000284984708,0.0017000000225380063,137.0
174,,,,,
175,,,,,
177,0.0,0.0,0.0,0.0,35.0
178,,,,,
179,,,,,
180,0.0,0.0,0.006200000178068876,0.013799999840557575,409.0
181,0.0,0.0,9.999999747378752e-05,9.999999747378752e-05,436.0
182,,,,,
183,,,,,
184,0.0,0.0,0.015200000256299973,0.0302,966.0
185,,,,,
186,0.0,0.0,0.0017999999690800905,0.0031999999191612005,343.0
187,0.0,0.0,0.0,0.0,536.0
188,0.0,0.0,0.0003000000142492354,0.0006000000284984708,153.0
189,0.0,0.0,0.0,0.0,93.0
190,0.002099999925121665,0.0,0.07259999960660934,1.1792999505996704,559.0
191,,,,,
192,,,,,
193,,,,,
194,0.0,0.0,0.022600000724196434,0.060600001364946365,2117.0
195,,,,,
196,0.0,0.0,0.0007999999797903001,0.0015999999595806003,224.0
197,9.999999747378752e-05,0.0,0.002099999925121665,0.00419999985024333,57.0
198,0.0,0.0,0.0006000000284984708,0.0006000000284984708,63.0
199,,,,,
200,,,,,
201,0.0,0.0,0.0,0.0,1526.0
202,0.0,0.0,0.0038999998942017555,0.020099999383091927,1840.0
203,9.999999747378752e-05,0.0,0.003100000089034438,0.005400000140070915,65.0
204,0.0,0.0,0.0,9.999999747378752e-05,273.0
205,,,,,
206,0.0,0.0,0.0010000000474974513,0.0052999998442828655,113.0
207,9.999999747378752e-05,0.0,0.0010000000474974513,0.007199999876320362,53.0
208,,,,,
209,0.0,0.0,0.002400000113993883,0.006599999964237213,283.0
210,0.0012000000569969416,0.0,0.01140000019222498,0.08540000021457672,71.0
211,0.0,0.0,0.0,0.0,498.0
212,,,,,
213,,,,,
214,0.0,0.0,0.002300000051036477,0.01269999984651804,792.0
215,0.0,0.0,0.0003000000142492354,0.00039999998989515007,1277.0
216,,,,,
217,0.0,0.0,0.0006000000284984708,0.003700000001117587,350.0
218,0.0,0.0,0.002099999925121665,0.008700000122189522,1221.0
219,,,,,
220,,,,,
221,,,,,
222,0.00019999999494757503,0.0,0.002300000051036477,0.014999999664723873,69.0
223,0.0005000000237487257,0.0,0.004800000227987766,0.13770000636577606,277.0
224,,,,,
225,0.00019999999494757503,0.0,0.013899999670684338,0.1370999962091446,761.0
226,0.0,0.0,0.0,0.0,511.0
227,,,,,
228,,,,,
229,0.0005,0.0,0.04100000113248825,0.8905,1661.0
230,0.009100000374019146,0.0,0.0746999979019165,0.6111000180244446,67.0
231,0.0,0.0,0.0,0.0,43.0
232,,,,,
233,0.0,0.0,0.0,0.0,197.0
234,0.0,0.0,0.0,0.0,311.0
235,0.0002,0.0,0.015699999406933784,0.1166,576.0
236,,,,,
237,0.0,0.0,0.0,0.0,12.0
238,0.0,0.0,0.0003000000142492354,0.0003000000142492354,83.0
239,0.0,0.0,0.00419999985024333,0.0243,2171.0
240,,,,,
241,,,,,
242,0.0002,0.0,0.027499999850988388,0.6975,3069.0
243,0.0,0.0,0.0,0.0,31.0
244,,,,,
245,,,,,
246,0.0,0.0,0.0,0.0,131.0
247,0.0,0.0,0.011099999770522118,0.2636,5770.0
248,,,,,
249,0.0,0.0,0.0,0.0,77.0
250,0.0,0.0,0.006800000090152025,0.02500000037252903,572.0
251,0.0,0.0,0.0,0.0,476.0
252,0.0,0.0,0.0,0.0,340.0
253,,,,,
254,0.0001,0.0,0.02370000071823597,0.8978,10455.0
255,0.0,0.0,0.00139999995008111,0.0031999999191612005,415.0
256,,,,,
257,0.0,0.0,0.0,0.0,143.0
258,0.00039999998989515007,0.0,0.027499999850988388,0.6715999841690063,1896.0
259,,,,,
260,0.000699999975040555,0.0,0.011900000274181366,0.07000000029802322,102.0
261,,,,,
262,0.0,0.0,0.002199999988079071,0.018300000578165054,1432.0
263,0.0,0.0,0.0,0.0,89.0
264,,,,,
266,0.0,0.0,0.0003000000142492354,0.0008999999845400453,601.0
267,,,,,
268,0.0,0.0,9.999999747378752e-05,9.999999747378752e-05,151.0
269,0.0,0.0,0.0012000000569969416,0.002400000113993883,212.0
270,,,,,
271,0.0,0.0,0.0,0.0,107.0
272,9.999999747378752e-05,0.0,0.0038999998942017555,0.012500000186264515,184.0
274,0.0,0.0,0.0,0.0,755.0
275,0.0003,0.0,0.027499999850988388,0.9386,3584.0
276,,,,,
277,,,,,
278,0.0,0.0,0.002300000051036477,0.0092,2033.0
279,0.0,0.0,0.0,0.0,38.0
280,0.0,0.0,0.0,0.0,15.0
281,0.0,0.0,0.0005000000237487257,0.001500000013038516,132.0
283,,,,,
284,,,,,
285,,,,,
286,0.0,0.0,0.0,0.0,69.0
287,0.0,0.0,0.0,0.0,8.0
288,0.0,0.0,0.0,0.0,512.0
289,0.0,0.0,0.0,0.0,950.0
290,0.0001,0.0,0.0414000004529953,0.2954,4124.0
291,,,,,
292,0.0003000000142492354,0.0,0.002300000051036477,0.008700000122189522,25.0
293,,,,,
294,0.0,0.0,0.0,0.0,3617.0
295,0.0,0.0,9.999999747378752e-05,0.0001,1888.0
296,0.0,0.0,0.0020000000949949026,0.0032999999821186066,406.0
297,,,,,
298,0.0,0.0,0.002899999963119626,0.008200000040233135,367.0
299,,,,,
300,,,,,
301,0.0,0.0,0.0,0.0,32.0
302,0.0003,0.0,0.03310000151395798,0.5729,2124.0
303,0.0,0.0,9.999999747378752e-05,9.999999747378752e-05,764.0
304,0.0,0.0,0.0,0.0,368.0
305,0.0,0.0,0.0,0.0,186.0
306,,,,,
307,9.999999747378752e-05,0.0,0.0026000000070780516,0.06449999660253525,539.0
308,,,,,
309,,,,,
310,0.0005000000237487257,0.0,0.026100000366568565,0.23929999768733978,482.0
311,0.0,0.0,0.0,0.0,710.0
312,,,,,
313,0.0001,0.0,0.03310000151395798,1.3623,18494.0
314,0.0,0.0,0.0,0.0,420.0
315,0.0001,0.0,0.051600001752376556,7.374,123245.0
316,,,,,
317,,,,,
318,0.0,0.0,0.0,0.0,16.0
319,0.0,0.0,0.0,0.0,1485.0
320,0.00019999999494757503,0.0,0.023800000548362732,0.26010000705718994,1330.0
321,0.0,0.0,0.0,0.0,27.0
322,0.0001,0.0,0.02879999950528145,1.2195,24324.0
323,0.0001,0.0,0.02850000001490116,0.5406,9853.0
324,,,,,
325,9.999999747378752e-05,0.0,0.00930000003427267,0.018400000408291817,184.0
326,0.0024,0.0,0.04390000179409981,0.9207,390.0
327,0.0,0.0,0.0,0.0,777.0
328,0.0,0.0,0.0010999999940395355,0.0012000000569969416,920.0
329,0.0,0.0,0.02879999950528145,0.3093,6281.0
330,0.0,0.0,0.0,0.0,43.0
331,0.0009,0.0,0.03799999877810478,0.6615,755.0
332,,,,,
333,9.999999747378752e-05,0.0,0.0008999999845400453,0.0017999999690800905,33.0
334,0.0,0.0,0.0,0.0,708.0
335,0.0,0.0,0.0,0.0,62.0
336,0.0,0.0,0.0,0.0,30.0
337,0.0,0.0,0.0015999999595806003,0.006,2361.0
338,0.0,0.0,0.00039999998989515007,0.0005000000237487257,22.0
339,0.0001,0.0,0.03310000151395798,0.6565,6838.0
340,,,,,
341,,,,,
342,0.0,0.0,0.0006000000284984708,0.0010999999940395355,3000.0
343,0.0001,0.0,0.0746999979019165,5.9712,78691.0
344,0.0,0.0,0.002400000113993883,0.004399999976158142,764.0
345,0.0001,0.0,0.019600000232458115,0.439,6224.0
346,,,,,
347,0.0,0.0,0.00019999999494757503,0.00039999998989515007,120.0
348,0.0001,0.0,0.02590000070631504,0.1652,1803.0
349,,,,,
350,0.0,0.0,0.0,0.0,29.0
351,,,,,
352,,,,,
353,0.0001,0.0,0.027300000190734863,0.3198,3032.0
354,0.0001,0.0,0.0746999979019165,2.5414,23653.0
355,0.0,0.0,0.0,0.0,19.0
356,0.0,0.0,0.0,0.0,15.0
357,,,,,
358,0.0,0.0,0.0,0.0,49.0
359,,,,,
360,,,,,
361,0.0,0.0,0.004100000020116568,0.0254,1399.0
362,,,,,
363,0.0,0.0,0.0,0.0,1034.0
364,0.0,0.0,0.0,0.0,161.0
365,,,,,
366,0.0,0.0,0.0,0.0,297.0
367,,,,,
368,0.00019999999494757503,0.0,0.002199999988079071,0.003100000089034438,17.0
369,0.0,0.0,0.00860000029206276,0.0974,3764.0
370,0.0001,0.0,0.01899999938905239,0.9334,17372.0
371,,,,,
372,9.999999747378752e-05,0.0,0.0017000000225380063,0.0035000001080334187,52.0
373,,,,,
374,0.0,0.0,0.0,0.0,203.0
375,,,,,
376,,,,,
377,0.0,0.0,0.00039999998989515007,0.00039999998989515007,96.0
378,0.0002,0.0,0.051600001752376556,1.4077,8993.0
379,0.0025,0.0,0.0746999979019165,0.6314,249.0
380,0.00019999999494757503,0.0,0.00139999995008111,0.0032999999821186066,18.0
381,0.00019999999494757503,0.0,0.022299999371170998,0.27630001306533813,1564.0
382,,,,,
383,,,,,
384,,,,,
385,0.0,0.0,0.024399999529123306,0.2727,7113.0
386,0.0002,0.0,0.04729999974370003,0.9766,6032.0
387,,,,,
388,,,,,
389,,,,,
390,0.0005000000237487257,0.0,0.006399999838322401,0.02199999988079071,40.0
391,,,,,
392,,,,,
393,0.0,0.0,0.0,0.0,9.0
394,0.0,0.0,0.0005000000237487257,0.0015,775.0
395,0.0,0.0,0.01899999938905239,0.0718,1918.0
396,,,,,
397,9.999999747378752e-05,0.0,0.0026000000070780516,0.004699999932199717,37.0
398,0.0,0.0,0.0044999998062849045,0.0247,910.0
399,,,,,
400,,,,,
401,0.0,0.0,0.0,0.0,59.0
402,0.0,0.0,0.004800000227987766,0.0303,768.0
403,,,,,
404,,,,,
405,,,,,
406,0.0,0.0,0.0,0.0,210.0
407,,,,,
408,,,,,
409,0.0,0.0,0.007899999618530273,0.0337,1237.0
410,,,,,
411,,,,,
412,0.0,0.0,0.0,0.0,619.0
413,0.0,0.0,0.00559999980032444,0.009399999864399433,247.0
414,0.0,0.0,0.0,0.0,66.0
415,,,,,
416,,,,,
417,0.0,0.0,0.00139999995008111,0.0049,1015.0
418,,,,,
419,,,,,
420,,,,,
421,9.999999747378752e-05,0.0,0.007899999618530273,0.02759999968111515,188.0
422,0.0,0.0,0.0,0.0,144.0
423,,,,,
424,,,,,
425,0.0,0.0,0.002899999963119626,0.0135,792.0
426,,,,,
427,0.0,0.0,0.00019999999494757503,0.0003000000142492354,472.0
428,0.0,0.0,0.0,0.0,10.0
429,9.999999747378752e-05,0.0,0.011300000362098217,0.08299999684095383,1658.0
430,0.0,0.0,0.007000000216066837,0.030700000002980232,1067.0
431,,,,,
432,,,,,
433,0.0,0.0,0.0,0.0,228.0
434,0.0,0.0,0.00279999990016222,0.007300000172108412,984.0
435,,,,,
436,9.999999747378752e-05,0.0,0.007499999832361937,0.025299999862909317,280.0
437,0.0,0.0,0.0017000000225380063,0.01360000018030405,1808.0
438,,,,,
439,,,,,
440,0.0,0.0,0.0006000000284984708,0.0006000000284984708,480.0
441,0.0,0.0,0.0,0.0,32.0
442,0.0005000000237487257,0.0,0.019099999219179153,0.39890000224113464,828.0
443,0.0,0.0,0.005100000184029341,0.026100000366568565,948.0
444,0.0,0.0,0.0,0.0,633.0
445,,,,,
446,,,,,
447,,,,,
448,0.0,0.0,0.006000000052154064,0.00989999994635582,378.0
449,9.999999747378752e-05,0.0,0.00139999995008111,0.005400000140070915,70.0
450,0.00019999999494757503,0.0,0.00860000029206276,0.09719999879598618,491.0
451,0.0,0.0,0.0,0.0,414.0
452,0.0,0.0,0.0,0.0,35.0
453,0.0001,0.0,0.051600001752376556,2.6272,33317.0
454,,,,,
455,,,,,
456,0.0,0.0,0.0,0.0,15.0
457,,,,,
458,,,,,
459,,,,,
460,0.0,0.0,0.0,0.0,13.0
461,0.0,0.0,0.0,0.0,43.0
462,,,,,
463,,,,,
464,,,,,
465,,,,,
466,0.000699999975040555,0.0,0.10949999839067459,1.0147000551223755,1424.0
467,0.0004,0.0,0.03799999877810478,0.6716,1788.0
468,,,,,
469,0.0,0.0,0.0,0.0,34.0
470,0.0,0.0,0.0015999999595806003,0.002300000051036477,200.0
471,,,,,
472,,,,,
473,,,,,
474,,,,,
475,0.0005,0.0,0.033799998462200165,0.3446,697.0
476,,,,,
477,0.0,0.0,0.027499999850988388,1.1521,36527.0
478,0.0,0.0,0.0,0.0,528.0
479,,,,,
480,,,,,
481,,,,,
482,0.0007999999797903001,0.0,0.019099999219179153,0.19499999284744263,245.0
483,0.00019999999494757503,0.0,0.0038999998942017555,0.06310000270605087,315.0
484,9.999999747378752e-05,0.0,0.00800000037997961,0.03880000114440918,441.0
485,0.0,0.0,0.004600000102072954,0.2021,26040.0
486,,,,,
487,,,,,
488,0.0,0.0,0.0,0.0,37.0
489,,,,,
490,,,,,
491,0.0005,0.0,0.010999999940395355,0.2438,537.0
492,,,,,
493,0.0,0.0,0.001500000013038516,0.0022,4870.0
494,,,,,
495,,,,,
496,,,,,
497,,,,,
498,,,,,
499,,,,,
500,0.0,0.0,0.023800000548362732,0.5833,24472.0
501,0.0,0.0,0.0,0.0,88.0
502,,,,,
503,,,,,
504,,,,,
505,,,,,
506,0.0,0.0,0.0,0.0,11.0
507,,,,,
508,,,,,
509,,,,,
510,0.0,0.0,9.999999747378752e-05,9.999999747378752e-05,47.0
511,,,,,
512,0.0,0.0,0.003100000089034438,0.0425,1770.0
513,,,,,
514,0.0002,0.0,0.00139999995008111,0.0033,18.0
515,,,,,
516,,,,,
517,,,,,
518,,,,,
519,0.0,0.0,0.003100000089034438,0.0425,1770.0
520,0.0,0.0,0.0,0.0,279.0
521,,,,,
522,,,,,
523,0.0,0.0,0.0,0.0,566.0
524,,,,,
525,,,,,
526,0.0006000000284984708,0.0,0.019500000402331352,0.7882999777793884,1241.0
527,0.00039999998989515007,0.0,0.011099999770522118,0.0877000018954277,200.0
528,,,,,
529,,,,,
530,0.0,0.0,0.0,0.0,39.0
531,0.0,0.0,0.00019999999494757503,0.0003000000142492354,47.0
532,,,,,
533,0.0,0.0,0.0032999999821186066,0.0088,1043.0
534,0.0,0.0,0.0,0.0,264.0
535,,,,,
536,0.0,0.0,0.00019999999494757503,0.0004,1325.0
537,,,,,
538,0.0,0.0,9.999999747378752e-05,9.999999747378752e-05,160.0
539,,,,,
540,0.00039999998989515007,0.0,0.007300000172108412,0.08780000358819962,229.0
541,0.0001,0.0,0.00839999970048666,0.1746,3106.0
542,0.00039999998989515007,0.0,0.02370000071823597,0.37779998779296875,908.0
543,0.0003000000142492354,0.0,0.016200000420212746,0.4447999894618988,1274.0
544,0.0,0.0,0.0,0.0,308.0
545,,,,,
546,,,,,
547,,,,,
548,,,,,
549,0.0,0.0,0.033799998462200165,0.5193,17614.0
550,,,,,
551,0.0,0.0,0.00019999999494757503,0.0003000000142492354,267.0
552,,,,,
553,0.002300000051036477,0.0,0.017799999564886093,0.33660000562667847,144.0
554,,,,,
555,,,,,
556,0.0,0.0,0.0,0.0,163.0
557,0.0023,0.0,0.03799999877810478,0.3323,147.0
558,0.0007999999797903001,0.0,0.027300000190734863,0.3197999894618988,412.0
559,0.0,0.0,9.999999747378752e-05,9.999999747378752e-05,750.0
560,,,,,
561,,,,,
562,,,,,
563,,,,,
564,0.00019999999494757503,0.0,0.013899999670684338,0.09730000048875809,405.0
565,0.0,0.0,0.0,0.0,302.0
566,,,,,
567,0.0001,0.0,0.225600004196167,27.6362,195056.0
568,,,,,
569,,,,,
570,,,,,
571,0.0,0.0,0.001500000013038516,0.0069,1184.0
572,,,,,
573,0.0,0.0,0.0,0.0,178.0
574,0.0,0.0,0.0015999999595806003,0.008700000122189522,674.0
575,0.0,0.0,0.0,0.0,351.0
576,0.0,0.0,0.0,0.0,4.0
577,0.0,0.0,0.0,0.0,527.0
496345664,0.0,0.0,0.0007999999797903001,0.0012000000569969416,205.0
579,0.00019999999494757503,0.0,0.01360000018030405,0.19380000233650208,908.0
578,,,,,
581,0.00019999999494757503,0.0,0.020600000396370888,0.07970000058412552,356.0
582,0.0,0.0,0.0,0.0,303.0
583,0.0,0.0,0.002300000051036477,0.0035000001080334187,545.0
580,0.0,0.0,0.0,0.0,89.0
496345668,0.0,0.0,0.004699999932199717,0.007499999832361937,420.0
586,,,,,
587,0.0,0.0,0.0,0.0,97.0
584,,,,,
589,,,,,
590,0.0,0.0,0.0,0.0,644.0
591,0.0,0.0,0.0006000000284984708,0.0006000000284984708,82.0
496345672,0.0,0.0,0.0,0.0,88.0
593,0.00019999999494757503,0.0,0.024399999529123306,0.272599995136261,1273.0
594,,,,,
592,,,,,
596,0.0005000000237487257,0.0,0.04230000078678131,0.3831999897956848,723.0
597,,,,,
598,0.0,0.0,0.0,0.0,44.0
599,0.0,0.0,0.0,0.0,256.0
600,0.0,0.0,0.0,0.0,327.0
601,0.0,0.0,0.0,0.0,106.0
602,,,,,
603,0.00019999999494757503,0.0,0.023900000378489494,0.34459999203681946,1493.0
604,0.0,0.0,0.0,0.0,124.0
605,,,,,
606,,,,,
607,0.0005,0.0,0.04729999974370003,0.7584,1641.0
608,0.0,0.0,9.999999747378752e-05,9.999999747378752e-05,237.0
609,0.0,0.0,0.0003000000142492354,0.000699999975040555,139.0
610,0.0,0.0,9.999999747378752e-05,9.999999747378752e-05,1206.0
611,0.0003000000142492354,0.0,0.002300000051036477,0.012000000104308128,45.0
612,,,,,
613,0.0,0.0,0.0010999999940395355,0.0020000000949949026,321.0
614,0.00039999998989515007,0.0,0.0414000004529953,0.22709999978542328,530.0
615,,,,,
616,9.999999747378752e-05,0.0,0.01209999993443489,0.07119999825954437,564.0
617,,,,,
618,0.0,0.0,0.005100000184029341,0.0315,1018.0
619,0.0002,0.0,0.011900000274181366,0.0701,311.0
620,0.0,0.0,0.0,0.0,457.0
621,0.0,0.0,0.0,0.0,350.0
622,0.0,0.0,0.0,0.0,47.0
623,0.0,0.0,0.04230000078678131,1.7923,43373.0
624,,,,,
625,0.0,0.0,0.0,0.0,777.0
626,,,,,
627,,,,,
628,0.0005000000237487257,0.0,0.02850000001490116,0.1151999980211258,214.0
629,0.0,0.0,0.0005000000237487257,0.0010000000474974513,801.0
630,0.0,0.0,0.0,0.0,1198.0
631,,,,,
632,9.999999747378752e-05,0.0,0.03150000050663948,0.09700000286102295,1633.0
633,0.0,0.0,0.0,0.0,20.0
634,0.0,0.0,0.00019999999494757503,0.0005000000237487257,286.0
635,,,,,
636,,,,,
637,0.0,0.0,0.0005000000237487257,0.0032,4880.0
638,0.0,0.0,0.0,0.0,435.0
639,,,,,
640,,,,,
641,,,,,
642,9.999999747378752e-05,0.0,0.00139999995008111,0.016300000250339508,153.0
643,0.0,0.0,0.0,0.0,140.0
644,,,,,
645,,,,,
646,,,,,
647,,,,,
648,0.0,0.0,0.0,0.0,3269.0
649,0.0,0.0,0.0,0.0,35.0
650,,,,,
651,,,,,
652,,,,,
653,0.0,0.0,0.0,0.0,33.0
654,0.0,0.0,0.0,0.0,553.0
655,,,,,
656,9.999999747378752e-05,0.0,0.02280000038444996,0.31949999928474426,2303.0
657,0.0,0.0,0.00039999998989515007,0.0006000000284984708,1518.0
658,0.000699999975040555,0.0,0.029500000178813934,0.578000009059906,828.0
659,,,,,
660,,,,,
661,0.0,0.0,0.0015999999595806003,0.013100000098347664,931.0
662,9.999999747378752e-05,0.0,0.0015999999595806003,0.002400000113993883,44.0
663,,,,,
664,0.00039999998989515007,0.0,0.027300000190734863,0.3564999997615814,984.0
665,0.0024999999441206455,0.0,0.05040000006556511,2.321700096130371,928.0
666,,,,,
667,0.0,0.0,0.0,0.0,245.0
668,,,,,
669,0.0,0.0,0.024399999529123306,0.4496,13489.0
670,0.0,0.0,0.0,0.0,425.0
671,0.00019999999494757503,0.0,0.019600000232458115,0.0820000022649765,493.0
672,0.0,0.0,0.004600000102072954,0.2020999938249588,26040.0
673,0.0003000000142492354,0.0,0.003599999938160181,0.011900000274181366,34.0
674,,,,,
675,0.0,0.0,0.0010000000474974513,0.0010000000474974513,176.0
676,,,,,
677,0.0001,0.0,0.031700000166893005,0.1437,2370.0
678,0.0,0.0,0.0,0.0,133.0
679,,,,,
680,0.0,0.0,0.0,0.0,7.0
681,0.0,0.0,0.0010999999940395355,0.00139999995008111,61.0
682,,,,,
683,,,,,
684,,,,,
685,0.0,0.0,0.0,0.0,946.0
686,,,,,
687,0.0,0.0,0.0,0.0,1665.0
688,0.0002,0.0,0.225600004196167,25.8439,151683.0
689,0.0,0.0,0.0007999999797903001,0.002300000051036477,63.0
690,0.0,0.0,0.0,0.0,128.0
691,,,,,
692,0.0,0.0,0.0031999999191612005,0.003599999938160181,161.0
693,,,,,
694,0.0,0.0,0.0,0.0,591.0
695,0.0002,0.0,0.225600004196167,25.8135,143199.0
696,0.00019999999494757503,0.0,0.004800000227987766,0.01889999955892563,105.0
697,0.0,0.0,0.002199999988079071,0.022099999710917473,666.0
698,0.0001,0.0,0.011900000274181366,0.0724,961.0
699,0.0,0.0,0.0,0.0,2.0
700,,,,,
701,0.0001,0.0,0.013899999670684338,0.1675,3234.0
702,0.0,0.0,0.0,0.0,572.0
703,0.0,0.0,0.005100000184029341,0.0304,8484.0
704,0.00019999999494757503,0.0,0.011500000022351742,0.05339999869465828,248.0
705,,,,,
706,0.0,0.0,0.0,0.0,60.0
707,0.0,0.0,0.0027000000700354576,0.006500000134110451,157.0
708,,,,,
709,0.0,0.0,0.0003000000142492354,0.0022,2852.0
710,,,,,
711,9.999999747378752e-05,0.0,0.008700000122189522,0.02979999966919422,328.0
712,,,,,
713,,,,,
714,0.0,0.0,0.00800000037997961,0.0563,5886.0
715,,,,,
716,,,,,
717,,,,,
718,0.0,0.0,0.0003000000142492354,0.0017999999690800905,891.0
719,,,,,
720,0.0001,0.0,0.008700000122189522,0.0383,409.0
721,0.0,0.0,0.0,0.0,1016.0
722,,,,,
723,0.0,0.0,0.006000000052154064,0.0105,2712.0
724,,,,,
725,0.0,0.0,0.0,0.0,104.0
726,0.0007,0.0,0.05959999933838844,4.3146,6571.0
727,0.00139999995008111,0.0,0.09210000187158585,1.3370000123977661,930.0
728,0.0,0.0,0.01590000092983246,0.20810000598430634,6946.0
729,0.0,0.0,0.0,0.0,517.0
730,,,,,
731,0.0,0.0,0.00800000037997961,0.0388,1391.0
732,0.0,0.0,0.00039999998989515007,0.0008999999845400453,69.0
733,0.0,0.0,0.0003000000142492354,0.00039999998989515007,1635.0
734,,,,,
735,9.999999747378752e-05,0.0,0.007199999876320362,0.05559999868273735,380.0
736,,,,,
737,0.0001,0.0,0.007499999832361937,0.0253,290.0
738,,,,,
739,,,,,
740,,,,,
741,0.0,0.0,0.0,0.0,222.0
742,,,,,
743,0.01119999960064888,0.0,0.225600004196167,7.323299884796143,656.0
744,0.0,0.0,0.0,0.0,61.0
745,,,,,
746,0.0,0.0,0.002899999963119626,0.007,1783.0
747,,,,,
748,,,,,
749,0.0,0.0,0.0010000000474974513,0.003700000001117587,427.0
750,9.999999747378752e-05,0.0,0.002899999963119626,0.010700000450015068,190.0
751,,,,,
752,0.001,0.0,0.045499999076128006,1.684,1624.0
753,0.0,0.0,0.0,0.0,37.0
754,,,,,
755,0.0,0.0,0.0,0.0,403.0
756,,,,,
757,0.0,0.0,0.0,0.0,34.0
758,,,,,
759,0.0,0.0,0.0,0.0,81.0
760,0.0,0.0,0.0007999999797903001,0.0014,111.0
761,,,,,
762,,,,,
763,9.999999747378752e-05,0.0,0.0006000000284984708,0.0006000000284984708,6.0
764,,,,,
765,0.0,0.0,0.00019999999494757503,0.00019999999494757503,56.0
766,,,,,
767,0.0,0.0,0.0,0.0,4531.0
768,0.0002,0.0,0.10949999839067459,1.4276,5965.0
769,,,,,
770,,,,,
771,0.0,0.0,0.0044999998062849045,0.0757,10805.0
772,0.0,0.0,0.0003000000142492354,0.00039999998989515007,1057.0
773,0.0,0.0,0.0,0.0,265.0
774,0.0,0.0,0.0,0.0,726.0
775,,,,,
776,0.0001,0.0,0.022299999371170998,0.8736,6944.0
777,,,,,
778,0.0,0.0,0.0,0.0,1565.0
779,,,,,
780,0.0,0.0,0.0006000000284984708,0.001500000013038516,966.0
781,0.0,0.0,0.0,0.0,28.0
782,,,,,
783,0.0,0.0,0.0013000000035390258,0.0017000000225380063,777.0
784,0.0015,0.0,0.07639999687671661,5.2359,3598.0
785,,,,,
786,0.0,0.0,0.0,0.0,75.0
787,,,,,
788,,,,,
789,,,,,
790,,,,,
791,0.0,0.0,0.0,0.0,180.0
792,0.0,0.0,0.002199999988079071,0.0254,684.0
793,,,,,
794,0.0005000000237487257,0.0,0.04100000113248825,0.890500009059906,1661.0
795,0.0,0.0,0.000699999975040555,0.0023,393.0
796,,,,,
797,0.0,0.0,0.0,0.0,242.0
798,0.0,0.0,0.0,0.0,31.0
799,,,,,
800,0.0,0.0,0.0,0.0,720.0
801,,,,,
802,9.999999747378752e-05,0.0,0.0031999999191612005,0.015799999237060547,273.0
803,0.0001,0.0,0.04230000078678131,0.6402,6846.0
804,0.0,0.0,0.0,0.0,242.0
805,0.0,0.0,0.0032999999821186066,0.008799999952316284,179.0
806,0.0,0.0,0.00430000014603138,0.005200000014156103,2097.0
807,,,,,
808,,,,,
809,0.0,0.0,0.0,0.0,8.0
810,0.0,0.0,0.0,0.0,362.0
811,0.0,0.0,0.0,0.0,1120.0
812,,,,,
813,,,,,
814,,,,,
815,,,,,
816,0.0,0.0,0.0,0.0,238.0
817,,,,,
818,0.0,0.0,0.003100000089034438,0.0707,1987.0
819,0.0,0.0,0.0,0.0,59.0
820,0.0,0.0,0.006599999964237213,0.01810000091791153,1311.0
821,0.0,0.0,9.999999747378752e-05,9.999999747378752e-05,2010.0
822,0.0011,0.0,0.225600004196167,13.9658,12257.0
823,,,,,
824,0.0001,0.0,0.003599999938160181,0.0413,793.0
825,,,,,
826,0.0004,0.0,0.04230000078678131,0.5602,1484.0
827,0.0,0.0,0.0,0.0,302.0
828,0.0,0.0,0.006000000052154064,0.06480000168085098,2012.0
829,,,,,
830,,,,,
831,0.0,0.0,9.999999747378752e-05,9.999999747378752e-05,49.0
832,0.0,0.0,0.00039999998989515007,0.002,139.0
833,,,,,
834,0.0010999999940395355,0.0,0.03310000151395798,0.3483999967575073,319.0
835,0.0,0.0,0.002899999963119626,0.0093,3367.0
836,0.0007999999797903001,0.0,0.01080000028014183,0.2151000052690506,272.0
837,,,,,
838,0.0,0.0,0.0,0.0,637.0
839,0.0,0.0,0.0,0.0,168.0
840,0.0006,0.0,0.05040000006556511,3.5277,5776.0
841,0.0071000000461936,0.0,0.09179999679327011,2.1881000995635986,307.0
842,0.00019999999494757503,0.0,0.016100000590085983,0.19939999282360077,1167.0
843,,,,,
844,0.0,0.0,0.00039999998989515007,0.0007999999797903001,2891.0
845,,,,,
846,0.0,0.0,0.0,0.0,331.0
847,0.0,0.0,0.0,0.0,708.0
848,0.0023,0.0,0.05460000038146973,2.7669,1220.0
849,0.0,0.0,0.0,0.0,43.0
850,9.999999747378752e-05,0.0,0.004600000102072954,0.011300000362098217,85.0
851,0.0,0.0,0.009700000286102295,0.025100000202655792,638.0
852,0.0,0.0,0.002899999963119626,0.0706000030040741,2331.0
853,,,,,
854,0.0,0.0,0.0,0.0,953.0
855,,,,,
856,0.0,0.0,0.00930000003427267,0.162,10917.0
857,0.0,0.0,0.0,0.0,547.0
858,,,,,
859,0.0,0.0,0.0,0.0,29.0
860,,,,,
861,,,,,
862,0.0,0.0,0.0012000000569969416,0.0019000000320374966,2066.0
863,0.0001,0.0,0.0026000000070780516,0.0047,37.0
864,0.0001,0.0,0.033799998462200165,0.3573,6697.0
865,,,,,
866,0.003000000026077032,0.0,0.04390000179409981,0.9093999862670898,305.0
867,0.0,0.0,0.0,0.0,179.0
868,,,,,
869,0.0,0.0,0.0,0.0,36.0
870,,,,,
871,,,,,
872,0.0,0.0,0.0,0.0,151.0
873,0.0010999999940395355,0.0,0.051600001752376556,1.3969000577926636,1279.0
874,0.0,0.0,0.0003000000142492354,0.0006000000284984708,49.0
875,,,,,
876,,,,,
877,0.0,0.0,0.0019000000320374966,0.0144,500.0
878,0.0006000000284984708,0.0,0.019600000232458115,0.4375,781.0
879,0.0001,0.0,0.019099999219179153,0.4063,3816.0
880,0.0,0.0,0.0,0.0,105.0
881,,,,,
882,0.0,0.0,9.999999747378752e-05,9.999999747378752e-05,190.0
883,,,,,
884,0.0,0.0,0.0034000000450760126,0.005100000184029341,175.0
885,,,,,
886,0.0001,0.0,0.02370000071823597,0.4085,4331.0
887,,,,,
888,0.0,0.0,0.0038999998942017555,0.015599999576807022,328.0
889,0.0,0.0,0.0,0.0,804.0
890,,,,,
891,,,,,
892,,,,,
893,0.0,0.0,0.0031999999191612005,0.003700000001117587,196.0
894,0.0,0.0,0.019600000232458115,0.083,2308.0
895,0.0001,0.0,0.01080000028014183,0.2183,1728.0
896,0.0001,0.0,0.01730000041425228,0.1297,2368.0
897,0.00039999998989515007,0.0,0.031700000166893005,0.1436000019311905,321.0
898,0.0,0.0,0.0007999999797903001,0.0052999998442828655,521.0
899,,,,,
900,0.0,0.0,0.0007999999797903001,0.00139999995008111,771.0
901,0.0005,0.0,0.04100000113248825,0.922,1724.0
902,0.0,0.0,0.0,0.0,249.0
903,0.00019999999494757503,0.0,0.0019000000320374966,0.03500000014901161,209.0
904,0.0004,0.0,0.04230000078678131,0.4805,1128.0
905,0.0,0.0,0.0,0.0,201.0
906,0.0,0.0,0.0,0.0,410.0
907,0.0,0.0,0.0,0.0,231.0
908,0.0,0.0,0.0,0.0,224.0
909,0.0012,0.0,0.225600004196167,13.8648,11476.0
910,0.0,0.0,0.0,0.0,185.0
911,,,,,
912,,,,,
913,,,,,
914,0.0,0.0,0.0,0.0,10.0
915,,,,,
916,0.00279999990016222,0.0,0.03880000114440918,0.5285999774932861,186.0
917,0.0,0.0,0.0,0.0,12.0
918,0.0006,0.0,0.0737999975681305,3.6149,6391.0
919,0.0,0.0,0.0,0.0,716.0
920,,,,,
921,,,,,
922,0.0001,0.0,0.007300000172108412,0.1101,797.0
182305689,0.0,0.0,0.00930000003427267,0.0226,1263.0
923,,,,,
924,0.00430000014603138,0.0,0.07639999687671661,3.948699951171875,918.0
182305693,9.999999747378752e-05,0.0,0.00930000003427267,0.022600000724196434,159.0
926,0.002,0.0,0.225600004196167,10.2499,5085.0
927,0.0,0.0,0.0,0.0,23.0
928,,,,,
929,0.0,0.0,0.0,0.0,54.0
931,0.0,0.0,0.002400000113993883,0.023499999195337296,952.0
932,0.0,0.0,0.002199999988079071,0.0254,684.0
930,0.0,0.0,0.0,0.0,507.0
925,,,,,
182305697,0.0,0.0,0.0,0.0,334.0
933,0.0018,0.0,0.09179999679327011,2.9705,1658.0
182305701,0.0,0.0,0.0,0.0,191.0
935,0.00019999999494757503,0.0,0.030500000342726707,0.14579999446868896,631.0
936,,,,,
182305705,0.0,0.0,0.0,0.0,259.0
938,0.0001,0.0,0.004699999932199717,0.1434,960.0
934,,,,,
940,0.0,0.0,0.0012000000569969416,0.006399999838322401,1270.0
941,,,,,
182305713,0.0,0.0,0.0,0.0,28.0
942,0.0,0.0,0.005100000184029341,0.0116,2757.0
947,,,,,
182305709,0.0,0.0,0.0,0.0,292.0
944,,,,,
945,0.0,0.0,0.00019999999494757503,0.00019999999494757503,935.0
946,0.0,0.0,0.0010999999940395355,0.004600000102072954,701.0
943,0.0,0.0,0.00039999998989515007,0.0010999999940395355,3696.0
948,0.0021,0.0,0.09179999679327011,2.9611,1411.0
949,0.0007999999797903001,0.0,0.002899999963119626,0.012600000016391277,16.0
950,0.0,0.0,0.0,0.0,946.0
952,0.0,0.0,0.005100000184029341,0.011599999852478504,1796.0
953,,,,,
954,0.0,0.0,0.0,0.0,301.0
955,0.00019999999494757503,0.0,0.015699999406933784,0.09300000220537186,517.0
956,0.0002,0.0,0.01360000018030405,0.1938,908.0
959,0.00039999998989515007,0.0,0.006000000052154064,0.10140000283718109,273.0
958,0.0001,0.0,0.0038999998942017555,0.0663,658.0
961,,,,,
962,0.0,0.0,0.0,0.0,3808.0
963,0.00039999998989515007,0.0,0.0031999999191612005,0.023600000888109207,59.0
964,0.0,0.0,0.0,0.0,102.0
965,0.0,0.0,0.0005000000237487257,0.0010000000474974513,641.0
966,0.0,0.0,0.0,0.0,961.0
967,0.0009,0.0,0.09179999679327011,10.2271,11260.0
968,,,,,
969,0.0,0.0,0.002899999963119626,0.006899999920278788,400.0
970,0.0,0.0,0.0015999999595806003,0.00419999985024333,247.0
971,0.00019999999494757503,0.0,0.022299999371170998,0.32190001010894775,1342.0
974,0.0,0.0,0.0,0.0,1206.0
972,0.0001,0.0,0.022299999371170998,0.1786,2433.0
973,0.0,0.0,0.0,0.0,306.0
975,0.0,0.0,0.0,0.0,19.0
976,,,,,
977,0.0,0.0,0.00139999995008111,0.0017999999690800905,393.0
978,0.00019999999494757503,0.0,0.004699999932199717,0.13920000195503235,713.0
979,,,,,
980,0.0,0.0,9.999999747378752e-05,9.999999747378752e-05,138.0
981,0.00039999998989515007,0.0,0.02879999950528145,0.3093000054359436,823.0
982,0.0003000000142492354,0.0,0.0019000000320374966,0.014299999922513962,57.0
983,0.0005,0.0,0.07639999687671661,6.2392,12910.0
984,,,,,
985,0.0,0.0,0.023800000548362732,0.2621,11376.0
986,0.00019999999494757503,0.0,0.014800000004470348,0.11999999731779099,724.0
987,0.0,0.0,0.002400000113993883,0.0492,5772.0
988,0.0,0.0,0.0,0.0,533.0
989,0.0,0.0,0.002300000051036477,0.010900000110268593,501.0
990,0.0,0.0,0.0,0.0,212.0
991,0.0002,0.0,0.10949999839067459,1.4689,6758.0
992,,,,,
993,0.0,0.0,0.02280000038444996,0.3212,13096.0
994,,,,,
995,,,,,
996,0.00039999998989515007,0.0,0.023600000888109207,0.17730000615119934,463.0
997,0.0002,0.0,0.225600004196167,55.3273,320254.0
998,0.0,0.0,0.0,0.0,424.0
999,,,,,
1000,0.0,0.0,0.0026000000070780516,0.0205,648.0
1001,,,,,
1002,0.0,0.0,0.007199999876320362,0.0556,2152.0
1003,,,,,
1004,0.0,0.0,0.004100000020116568,0.005400000140070915,194.0
1005,0.0,0.0,0.0,0.0,49.0
1006,9.999999747378752e-05,0.0,0.004100000020116568,0.02539999969303608,200.0
1007,,,,,
1008,0.0003,0.0,0.033799998462200165,0.3533,1410.0
1009,0.0005,0.0,0.10949999839067459,19.8587,41262.0
1010,0.0,0.0,0.0,0.0,194.0
1012,,,,,
1014,0.0,0.0,0.0005000000237487257,0.0019,116.0
1015,0.0,0.0,0.0,0.0,1246.0
1016,0.0003000000142492354,0.0,0.04309999942779541,1.2044999599456787,3917.0
1017,,,,,
1018,0.0001,0.0,0.006000000052154064,0.1014,1807.0
1019,,,,,
1020,0.0,0.0,0.006399999838322401,0.01720000058412552,1268.0
1021,0.0,0.0,0.00039999998989515007,0.0008999999845400453,2378.0
1022,0.0,0.0,0.0020000000949949026,0.00800000037997961,1560.0
1023,0.0,0.0,0.0,0.0,596.0
1024,,,,,
1025,,,,,
1026,0.0,0.0,0.0,0.0,81.0
1027,0.0,0.0,0.004800000227987766,0.0189,598.0
1028,,,,,
1029,0.0,0.0,0.0,0.0,204.0
1030,0.0,0.0,0.0015999999595806003,0.005900000222027302,303.0
1031,9.999999747378752e-05,0.0,0.003100000089034438,0.06270000338554382,427.0
1032,,,,,
1033,,,,,
1034,,,,,
1035,0.0,0.0,0.0,0.0,1167.0
1036,,,,,
1037,,,,,
1038,0.0,0.0,0.0,0.0,1296.0
1039,9.999999747378752e-05,0.0,0.0024999999441206455,0.008500000461935997,81.0
1040,,,,,
1041,,,,,
1042,,,,,
1043,0.0,0.0,0.0019000000320374966,0.014100000262260437,497.0
1044,0.0,0.0,9.999999747378752e-05,9.999999747378752e-05,58.0
1045,0.0,0.0,0.000699999975040555,0.0010999999940395355,58.0
1046,0.0,0.0,0.0,0.0,128.0
1047,0.0,0.0,0.0,0.0,1296.0
1048,9.999999747378752e-05,0.0,0.003599999938160181,0.15139999985694885,2606.0
1049,,,,,
1050,,,,,
1051,,,,,
1052,0.0,0.0,0.00039999998989515007,0.0017000000225380063,888.0
1053,,,,,
1054,0.0,0.0,0.0,0.0,219.0
1055,,,,,
1056,,,,,
1057,0.0002,0.0,0.04190000146627426,0.3183,1760.0
1058,0.0,0.0,0.0,0.0,720.0
1059,,,,,
1060,9.999999747378752e-05,0.0,0.0003000000142492354,0.0003000000142492354,3.0
1061,0.0,0.0,0.0,0.0,143.0
1062,0.0,0.0,0.0,0.0,143.0
1063,,,,,
1064,,,,,
1065,0.0001,0.0,0.0746999979019165,2.6171,34458.0
1066,0.0,0.0,0.0,0.0,196.0
1067,,,,,
1068,,,,,
1069,,,,,
1070,0.0,0.0,0.0,0.0,1197.0
1071,,,,,
1072,0.00139999995008111,0.0,0.03240000084042549,0.22679999470710754,166.0
1073,,,,,
1074,0.0003000000142492354,0.0,0.004800000227987766,0.030300000682473183,121.0
1075,,,,,
1076,,,,,
1077,0.0,0.0,0.0,0.0,150.0
1078,,,,,
1079,0.00039999998989515007,0.0,0.033799998462200165,0.11779999732971191,276.0
1080,0.0007,0.0,0.05959999933838844,4.4013,6736.0
1081,0.0,0.0,0.0,0.0,8.0
1082,,,,,
1083,0.0001,0.0,0.0031999999191612005,0.028,482.0
1084,,,,,
1085,0.0,0.0,0.0003000000142492354,0.0007999999797903001,76.0
1086,0.0,0.0,0.0,0.0,149.0
1087,,,,,
1088,0.0,0.0,0.0,0.0,255.0
1089,0.001,0.0,0.225600004196167,18.3671,18993.0
1090,0.0,0.0,0.0,0.0,2188.0
1091,,,,,
1092,0.0,0.0,0.0,0.0,109.0
1093,0.0,0.0,0.00139999995008111,0.011699999682605267,2374.0
1094,0.0,0.0,0.0,0.0,277.0
1095,,,,,
1096,0.0,0.0,0.0,0.0,247.0
1097,0.0002,0.0,0.0414000004529953,1.4725,8125.0
1098,9.999999747378752e-05,0.0,0.01899999938905239,0.05139999836683273,1021.0
1099,0.0003,0.0,0.10949999839067459,1.4161,4264.0
1100,0.0001,0.0,0.02850000001490116,0.1164,2091.0
1101,0.0,0.0,0.0,0.0,1517.0
1102,0.0,0.0,0.00019999999494757503,0.00019999999494757503,1654.0
1103,,,,,
1104,0.0,0.0,0.00419999985024333,0.007899999618530273,172.0
527696977,0.0,0.0,0.0,0.0,5.0
1105,0.0,0.0,0.0,0.0,179.0
1106,0.0,0.0,9.999999747378752e-05,9.999999747378752e-05,545.0
1108,9.999999747378752e-05,0.0,0.014000000432133675,0.048900000751018524,824.0
1109,0.0,0.0,0.0,0.0,102.0
1110,,,,,
1111,0.0,0.0,0.0,0.0,353.0
1112,,,,,
1113,0.0,0.0,0.0,0.0,120.0
1114,0.0,0.0,0.0,0.0,108.0
1107,0.0,0.0,0.0015999999595806003,0.020400000736117363,897.0
1116,0.0,0.0,0.0,0.0,31.0
1117,0.0,0.0,0.0003000000142492354,0.0008,2836.0
1118,,,,,
1119,,,,,
1120,0.0,0.0,0.0,0.0,47.0
1121,0.00039999998989515007,0.0,0.012299999594688416,0.4291999936103821,974.0
1123,0.0023,0.0,0.017799999564886093,0.3366,144.0
1124,,,,,
1125,0.0,0.0,0.0,0.0,627.0
1126,0.00019999999494757503,0.0,0.0013000000035390258,0.006000000052154064,40.0
1127,0.0,0.0,0.0007999999797903001,0.0007999999797903001,733.0
1128,0.0,0.0,0.0,0.0,561.0
1129,0.0001,0.0,0.0414000004529953,1.9918,25739.0
1131,,,,,
1132,0.0,0.0,0.0044999998062849045,0.0257,2197.0
1133,,,,,
1139,0.0,0.0,0.0,0.0,58.0
1140,,,,,
1141,,,,,
1142,,,,,
1143,,,,,
1144,,,,,
1145,,,,,
563807435,0.0,0.0,0.0,0.0,281.0
563807439,0.0,0.0,0.0,0.0,22.0
526157192,0.0,0.0,0.0,0.0,371.0
526157196,0.0,0.0,0.0,0.0,111.0
10671,0.0026000000070780516,0.0,0.013100000098347664,0.21809999644756317,85.0
10672,,,,,
10673,,,,,
10674,,,,,
10675,,,,,
10676,,,,,
10677,,,,,
10678,,,,,
10679,,,,,
10680,,,,,
10681,,,,,
10682,,,,,
10683,,,,,
10684,,,,,
10685,,,,,
10686,,,,,
10687,,,,,
10688,,,,,
10689,,,,,
10690,,,,,
10691,,,,,
10692,,,,,
10693,,,,,
10694,,,,,
10695,,,,,
10696,,,,,
10697,,,,,
10698,,,,,
10699,,,,,
10700,,,,,
10701,,,,,
10702,,,,,
10703,0.0010000000474974513,0.0,0.05959999933838844,4.212500095367432,4313.0
10704,0.0,0.0,0.0034000000450760126,0.005100000184029341,625.0
10705,,,,,
10706,,,,,
10707,,,,,
10708,,,,,
10709,,,,,
10710,,,,,
10711,,,,,
10712,,,,,
10713,,,,,
10714,,,,,
10715,,,,,
10716,,,,,
10717,,,,,
10718,,,,,
10719,,,,,
10720,,,,,
10721,,,,,
10722,,,,,
10723,,,,,
10724,,,,,
10725,,,,,
10726,,,,,
10727,,,,,
10728,,,,,
10729,,,,,
10730,,,,,
10731,,,,,
10732,,,,,
10733,,,,,
10734,,,,,
10735,,,,,
10736,,,,,
10737,,,,,
526322264,0.0,0.0,0.0,0.0,2.0
484682470,,,,,
484682475,,,,,
484682479,,,,,
484682483,,,,,
484682487,,,,,
484682492,,,,,
484682496,,,,,
484682500,,,,,
484682504,,,,,
484682508,0.00019999999494757503,0.0,0.00419999985024333,0.08209999650716782,361.0
484682512,0.0,0.0,0.0017999999690800905,0.010900000110268593,1055.0
484682516,9.999999747378752e-05,0.0,0.005499999970197678,0.1889999955892563,3044.0
484682520,9.999999747378752e-05,0.0,0.01730000041425228,0.1274999976158142,1834.0
484682524,0.0,0.0,0.000699999975040555,0.002199999988079071,425.0
484682528,0.0,0.0,0.0,0.0,32.0
585,,,,,
588,0.0003000000142492354,0.0,0.020600000396370888,0.16200000047683716,503.0
560581551,0.0,0.0,0.0,0.0,240.0
595,0.0,0.0,0.00019999999494757503,0.00019999999494757503,164.0
560581555,,,,,
560581559,0.0,0.0,0.0,0.0,74.0
560581563,0.0,0.0,0.0,0.0,168.0
312782546,0.0,0.0,0.021199999377131462,0.0425,1439.0
312782550,0.00019999999494757503,0.0,0.021199999377131462,0.042500000447034836,234.0
312782554,0.0,0.0,0.0,0.0,432.0
312782558,0.0,0.0,0.0,0.0,154.0
312782562,0.0,0.0,0.0,0.0,353.0
312782566,0.0,0.0,0.0,0.0,218.0
312782570,0.0,0.0,0.0,0.0,48.0
312782574,0.0,0.0,0.006399999838322401,0.0239,492.0
312782578,0.0003000000142492354,0.0,0.006399999838322401,0.023800000548362732,72.0
312782582,0.0,0.0,0.0,0.0,119.0
312782586,0.0,0.0,0.0,0.0,59.0
312782590,0.0,0.0,0.0,0.0,149.0
312782594,0.0,0.0,9.999999747378752e-05,9.999999747378752e-05,76.0
312782598,0.0,0.0,0.0,0.0,17.0
312782604,0.0,0.0,0.00139999995008111,0.004900000058114529,170.0
312782608,0.0,0.0,0.0,0.0,273.0
312782612,0.0,0.0,0.0,0.0,142.0
312782616,0.0,0.0,0.0,0.0,242.0
312782620,0.0,0.0,0.0,0.0,161.0
312782624,0.0,0.0,0.0,0.0,27.0
312782628,0.0001,0.0,0.005400000140070915,0.0652,1269.0
312782632,0.00019999999494757503,0.0,0.005400000140070915,0.05979999899864197,243.0
312782636,0.0,0.0,0.0007999999797903001,0.0012000000569969416,371.0
312782640,0.0,0.0,0.0,0.0,59.0
312782644,0.0,0.0,0.0,0.0,379.0
312782648,0.0,0.0,0.0,0.0,180.0
312782652,9.999999747378752e-05,0.0,0.003700000001117587,0.00419999985024333,37.0
589508447,0.0,0.0,0.0015999999595806003,0.01889999955892563,420.0
589508451,0.00019999999494757503,0.0,0.0034000000450760126,0.024800000712275505,101.0
589508455,0.0003000000142492354,0.0,0.003100000089034438,0.029100000858306885,87.0
576073699,0.0,0.0,0.00039999998989515007,0.0006000000284984708,44.0
576073704,0.0,0.0,0.002199999988079071,0.003700000001117587,211.0
606826647,0.0006000000284984708,0.0,0.010999999940395355,0.14259999990463257,220.0
606826651,0.0,0.0,0.000699999975040555,0.003599999938160181,140.0
606826655,0.0012000000569969416,0.0,0.006500000134110451,0.039900001138448715,33.0
606826659,0.0007999999797903001,0.0,0.009100000374019146,0.0568000003695488,75.0
606826663,0.0,0.0,0.0,0.0,17.0
937,,,,,
939,9.999999747378752e-05,0.0,0.0008999999845400453,0.0024999999441206455,27.0
304325711,,,,,
951,,,,,
12993,,,,,
12994,,,,,
12995,,,,,
12996,,,,,
12997,,,,,
12998,,,,,
957,,,,,
960,0.0002,0.0,0.045499999076128006,1.8921,8631.0
1011,0.0001,0.0,0.011099999770522118,0.0877,1213.0
614454277,0.0,0.0,0.0,0.0,42.0
599626923,0.0,0.0,9.999999747378752e-05,9.999999747378752e-05,13.0
599626927,0.0,0.0,0.0,0.0,47.0
549009199,,,,,
549009203,0.0,0.0,0.0,0.0,64.0
549009207,,,,,
549009211,0.0,0.0,0.0,0.0,20.0
549009215,0.0,0.0,0.0,0.0,327.0
549009219,0.0,0.0,0.0,0.0,14.0
549009223,0.0,0.0,0.0,0.0,66.0
549009227,0.0,0.0,0.0,0.0,47.0
607344830,0.0,0.0,0.0,0.0,23.0
607344834,0.0013000000035390258,0.0,0.025699999183416367,0.10109999775886536,80.0
607344838,0.00019999999494757503,0.0,0.005400000140070915,0.00989999994635582,64.0
607344842,0.0,0.0,0.0,0.0,20.0
607344846,9.999999747378752e-05,0.0,0.0010999999940395355,0.003700000001117587,58.0
607344850,0.0010999999940395355,0.0,0.02590000070631504,0.04270000010728836,40.0
607344854,0.0,0.0,0.0,0.0,22.0
607344858,0.0,0.0,0.0,0.0,36.0
607344862,0.0,0.0,9.999999747378752e-05,9.999999747378752e-05,18.0
480149202,,,,,
480149206,,,,,
480149210,,,,,
480149214,,,,,
480149218,,,,,
480149222,,,,,
480149226,,,,,
480149230,,,,,
480149234,,,,,
480149238,,,,,
480149242,,,,,
480149246,,,,,
480149250,,,,,
480149254,,,,,
480149258,,,,,
480149262,,,,,
480149266,,,,,
480149270,,,,,
480149274,,,,,
480149278,,,,,
480149282,,,,,
480149286,,,,,
480149290,,,,,
480149294,,,,,
480149298,,,,,
480149302,,,,,
480149306,,,,,
480149310,,,,,
480149314,,,,,
480149318,,,,,
480149322,,,,,
480149326,,,,,
480149330,,,,,
480149334,,,,,
480149338,,,,,
